{"cameraMode":{"drawMode":0,"name":"Shaded","section":"Shading Mode"},"sceneLighting":false,"audioPlay":false,"sceneViewState":{"m_AlwaysRefresh":false,"showFog":true,"showSkybox":false,"showFlares":true,"showImageEffects":true,"showParticleSystems":true,"showVisualEffectGraphs":true,"m_FxEnabled":true},"in2DMode":false,"pivot":{"x":-0.10963952541351319,"y":2.8946728706359865,"z":-0.17390060424804688},"rotation":{"x":0.4660557210445404,"y":-0.008863559924066067,"z":0.004424788989126682,"w":0.8847843408584595},"size":3.776827573776245,"orthographic":false}