{"cameraMode":{"drawMode":0,"name":"Shaded","section":"Shading Mode"},"sceneLighting":true,"audioPlay":false,"sceneViewState":{"m_AlwaysRefresh":false,"showFog":true,"showSkybox":true,"showFlares":true,"showImageEffects":true,"showParticleSystems":true,"showVisualEffectGraphs":true,"m_FxEnabled":true},"in2DMode":false,"pivot":{"x":292.2781982421875,"y":-4.608053207397461,"z":171.41482543945313},"rotation":{"x":-0.008846213109791279,"y":0.7304168939590454,"z":-0.6829293966293335,"w":-0.009364238008856774},"size":47.19856262207031,"orthographic":false}