{"cameraMode":{"drawMode":0,"name":"Shaded","section":"Shading Mode"},"sceneLighting":true,"audioPlay":false,"sceneViewState":{"m_AlwaysRefresh":false,"showFog":true,"showSkybox":true,"showFlares":true,"showImageEffects":true,"showParticleSystems":true,"showVisualEffectGraphs":true,"m_FxEnabled":true},"in2DMode":false,"pivot":{"x":109.6354751586914,"y":59.58418273925781,"z":182.67225646972657},"rotation":{"x":0.0019436499569565058,"y":-0.9379488229751587,"z":0.3469662070274353,"w":0.005028820596635342},"size":38.95805740356445,"orthographic":false}