{"cameraMode":{"drawMode":0,"name":"Shaded","section":"Shading Mode"},"sceneLighting":true,"audioPlay":false,"sceneViewState":{"m_AlwaysRefresh":false,"showFog":true,"showSkybox":true,"showFlares":true,"showImageEffects":true,"showParticleSystems":true,"showVisualEffectGraphs":true,"m_FxEnabled":true},"in2DMode":false,"pivot":{"x":306.49969482421877,"y":102.48922729492188,"z":170.87301635742188},"rotation":{"x":0.09949592500925064,"y":-0.6783732771873474,"z":0.09329389035701752,"w":0.7220216393470764},"size":1.6878724098205567,"orthographic":false}