{"cameraMode":{"drawMode":0,"name":"Shaded","section":"Shading Mode"},"sceneLighting":false,"audioPlay":false,"sceneViewState":{"m_AlwaysRefresh":false,"showFog":true,"showSkybox":false,"showFlares":true,"showImageEffects":true,"showParticleSystems":true,"showVisualEffectGraphs":true,"m_FxEnabled":true},"in2DMode":false,"pivot":{"x":-0.0005254745483398438,"y":2.5198283195495607,"z":0.00001811981201171875},"rotation":{"x":0.11759348213672638,"y":-0.67704838514328,"z":0.11085113137960434,"w":0.7180430889129639},"size":8.367803573608399,"orthographic":false}