{"cameraMode":{"drawMode":0,"name":"Shaded","section":"Shading Mode"},"sceneLighting":true,"audioPlay":false,"sceneViewState":{"m_AlwaysRefresh":false,"showFog":true,"showSkybox":true,"showFlares":true,"showImageEffects":true,"showParticleSystems":true,"showVisualEffectGraphs":true,"m_FxEnabled":true},"in2DMode":false,"pivot":{"x":190.7518310546875,"y":26.044281005859376,"z":92.17068481445313},"rotation":{"x":0.08420348912477493,"y":-0.013142688199877739,"z":0.0011120197596028448,"w":0.996369481086731},"size":0.4524191617965698,"orthographic":false}