{"cameraMode":{"drawMode":0,"name":"Shaded","section":"Shading Mode"},"sceneLighting":false,"audioPlay":false,"sceneViewState":{"m_AlwaysRefresh":false,"showFog":true,"showSkybox":false,"showFlares":true,"showImageEffects":true,"showParticleSystems":true,"showVisualEffectGraphs":true,"m_FxEnabled":true},"in2DMode":false,"pivot":{"x":0.0018178224563598633,"y":0.2834095060825348,"z":0.0005217790603637695},"rotation":{"x":0.09985476732254029,"y":-0.6836241483688355,"z":0.09507729858160019,"w":0.7167654037475586},"size":1.0466872453689576,"orthographic":false}