{"cameraMode":{"drawMode":0,"name":"Shaded","section":"Shading Mode"},"sceneLighting":false,"audioPlay":false,"sceneViewState":{"m_AlwaysRefresh":false,"showFog":true,"showSkybox":false,"showFlares":true,"showImageEffects":true,"showParticleSystems":true,"showVisualEffectGraphs":true,"m_FxEnabled":true},"in2DMode":false,"pivot":{"x":-1.1920928955078126e-7,"y":1.572824478149414,"z":-0.01145792007446289},"rotation":{"x":0.006184155121445656,"y":-0.973725438117981,"z":0.22625552117824555,"w":0.02657119184732437},"size":2.2252750396728517,"orthographic":false}