{"cameraMode":{"drawMode":0,"name":"Shaded","section":"Shading Mode"},"sceneLighting":false,"audioPlay":false,"sceneViewState":{"m_AlwaysRefresh":false,"showFog":true,"showSkybox":false,"showFlares":true,"showImageEffects":true,"showParticleSystems":true,"showVisualEffectGraphs":true,"m_FxEnabled":true},"in2DMode":false,"pivot":{"x":-0.0000171661376953125,"y":2.4868953227996828,"z":0.000003814697265625},"rotation":{"x":0.37104442715644839,"y":-0.6070226430892944,"z":0.3816952407360077,"w":0.5901314616203308},"size":13.239673614501954,"orthographic":false}