{"cameraMode":{"drawMode":0,"name":"Shaded","section":"Shading Mode"},"sceneLighting":false,"audioPlay":false,"sceneViewState":{"m_AlwaysRefresh":false,"showFog":true,"showSkybox":false,"showFlares":true,"showImageEffects":true,"showParticleSystems":true,"showVisualEffectGraphs":true,"m_FxEnabled":true},"in2DMode":false,"pivot":{"x":0.05256843566894531,"y":8.159781455993653,"z":-7.212575435638428},"rotation":{"x":-0.008943592198193074,"y":-0.9900411367416382,"z":0.11969059705734253,"w":-0.07411252707242966},"size":16.05845832824707,"orthographic":false}