{"cameraMode":{"drawMode":0,"name":"Shaded","section":"Shading Mode"},"sceneLighting":false,"audioPlay":false,"sceneViewState":{"m_AlwaysRefresh":false,"showFog":true,"showSkybox":false,"showFlares":true,"showImageEffects":true,"showParticleSystems":true,"showVisualEffectGraphs":true,"m_FxEnabled":true},"in2DMode":false,"pivot":{"x":-2.384185791015625e-7,"y":3.375000238418579,"z":0.0000029802322387695314},"rotation":{"x":0.006184155121445656,"y":-0.973725438117981,"z":0.22625552117824555,"w":0.02657119184732437},"size":4.8000993728637699,"orthographic":false}