{"cameraMode":{"drawMode":0,"name":"Shaded","section":"Shading Mode"},"sceneLighting":false,"audioPlay":false,"sceneViewState":{"m_AlwaysRefresh":false,"showFog":true,"showSkybox":false,"showFlares":true,"showImageEffects":true,"showParticleSystems":true,"showVisualEffectGraphs":true,"m_FxEnabled":true},"in2DMode":false,"pivot":{"x":-5.960464477539063e-8,"y":1.500000238418579,"z":1.1920928955078126e-7},"rotation":{"x":0.10527898371219635,"y":-0.8884434700012207,"z":0.36707714200019839,"w":0.25478342175483706},"size":1.7184704542160035,"orthographic":false}