{"cameraMode":{"drawMode":0,"name":"Shaded","section":"Shading Mode"},"sceneLighting":false,"audioPlay":false,"sceneViewState":{"m_AlwaysRefresh":false,"showFog":true,"showSkybox":false,"showFlares":true,"showImageEffects":true,"showParticleSystems":true,"showVisualEffectGraphs":true,"m_FxEnabled":true},"in2DMode":false,"pivot":{"x":-2.384185791015625e-7,"y":3.3749990463256838,"z":0.30772000551223757},"rotation":{"x":0.2087453156709671,"y":0.01319666113704443,"z":-0.0028191623277962209,"w":0.9778822660446167},"size":4.842444896697998,"orthographic":false}