{"cameraMode":{"drawMode":0,"name":"Shaded","section":"Shading Mode"},"sceneLighting":true,"audioPlay":false,"sceneViewState":{"m_AlwaysRefresh":false,"showFog":true,"showSkybox":true,"showFlares":true,"showImageEffects":true,"showParticleSystems":true,"showVisualEffectGraphs":true,"m_FxEnabled":true},"in2DMode":false,"pivot":{"x":273.04998779296877,"y":1.1497315168380738,"z":153.3948211669922},"rotation":{"x":0.008983013220131398,"y":-0.028400611132383348,"z":0.0007924391538836062,"w":0.9997501969337463},"size":39.955718994140628,"orthographic":false}