{"cameraMode":{"drawMode":0,"name":"Shaded","section":"Shading Mode"},"sceneLighting":false,"audioPlay":false,"sceneViewState":{"m_AlwaysRefresh":false,"showFog":true,"showSkybox":false,"showFlares":true,"showImageEffects":true,"showParticleSystems":true,"showVisualEffectGraphs":true,"m_FxEnabled":true},"in2DMode":false,"pivot":{"x":-0.000004291534423828125,"y":2.5019936561584474,"z":-0.7033106088638306},"rotation":{"x":0.11759348213672638,"y":-0.67704838514328,"z":0.11085113137960434,"w":0.7180430889129639},"size":6.444401741027832,"orthographic":false}