{"cameraMode":{"drawMode":0,"name":"Shaded","section":"Shading Mode"},"sceneLighting":false,"audioPlay":false,"sceneViewState":{"m_AlwaysRefresh":false,"showFog":true,"showSkybox":false,"showFlares":true,"showImageEffects":true,"showParticleSystems":true,"showVisualEffectGraphs":true,"m_FxEnabled":true},"in2DMode":false,"pivot":{"x":-2.384185791015625e-7,"y":3.3749992847442629,"z":0.0000014603137969970704},"rotation":{"x":0.10527898371219635,"y":-0.8884434700012207,"z":0.36707714200019839,"w":0.25478342175483706},"size":3.4776110649108888,"orthographic":false}