{"cameraMode":{"drawMode":0,"name":"Shaded","section":"Shading Mode"},"sceneLighting":false,"audioPlay":false,"sceneViewState":{"m_AlwaysRefresh":false,"showFog":true,"showSkybox":false,"showFlares":true,"showImageEffects":true,"showParticleSystems":true,"showVisualEffectGraphs":true,"m_FxEnabled":true},"in2DMode":false,"pivot":{"x":-1.1920928955078126e-7,"y":1.572824478149414,"z":-0.01145792007446289},"rotation":{"x":0.2087453156709671,"y":0.01319666113704443,"z":-0.0028191623277962209,"w":0.9778822660446167},"size":2.2252750396728517,"orthographic":false}