{"cameraMode":{"drawMode":0,"name":"Shaded","section":"Shading Mode"},"sceneLighting":false,"audioPlay":false,"sceneViewState":{"m_AlwaysRefresh":false,"showFog":true,"showSkybox":false,"showFlares":true,"showImageEffects":true,"showParticleSystems":true,"showVisualEffectGraphs":true,"m_FxEnabled":true},"in2DMode":false,"pivot":{"x":4.988304615020752,"y":1.0058932304382325,"z":-10.01371955871582},"rotation":{"x":0.4660557210445404,"y":-0.008863559924066067,"z":0.004424788989126682,"w":0.8847843408584595},"size":2.2093658447265627,"orthographic":false}